{
	"languages": {
		"count": 5,
		"language": [
			{
				"files_to_analyze": [
					{
						"file": "\/Users\/rojan\/workspace\/devadv\/zadvocacy\/cobol-scans\/cobol-code-scans\/COB-ABEND.cbl"
					},
					{
						"file": "\/Users\/rojan\/workspace\/devadv\/zadvocacy\/cobol-scans\/cobol-code-scans\/SAMPMTCH.cbl"
					},
					{
						"file": "\/Users\/rojan\/workspace\/devadv\/zadvocacy\/cobol-scans\/cobol-code-scans\/MULTIPLIER-Input-validation.cbl"
					},
					{
						"file": "\/Users\/rojan\/workspace\/devadv\/zadvocacy\/cobol-scans\/cobol-code-scans\/hrms-input-validation.cbl"
					},
					{
						"file": "\/Users\/rojan\/workspace\/devadv\/zadvocacy\/cobol-scans\/cobol-code-scans\/CSSTATUS-sql-injection.cbl"
					},
					{
						"file": "\/Users\/rojan\/workspace\/devadv\/zadvocacy\/cobol-scans\/cobol-code-scans\/GAM0VDB-SQL-Injection.cbl"
					}
				],
				"name": "Cobol"
			},
			{
				"files_to_analyze": [
					{
						"file": "\/Users\/rojan\/workspace\/devadv\/zadvocacy\/cobol-scans\/cobol-code-scans\/reports\/others\/static Mainframe-programs_2020-05-05_23-19-19 20200506_23_34_03_20200505_23_41_16.html"
					},
					{
						"file": "\/Users\/rojan\/workspace\/devadv\/zadvocacy\/cobol-scans\/cobol-code-scans\/reports\/others\/static COB-FAKER_2020-05-05_23-21-06.irx 20200506_23_29_44_20200505_23_49_30.html"
					},
					{
						"file": "\/Users\/rojan\/workspace\/devadv\/zadvocacy\/cobol-scans\/cobol-code-scans\/reports\/others\/static COBOL-Training_2020-05-05_22-22-55.irx 20200506_23_31_09_20200505_23_48_07.html"
					},
					{
						"file": "\/Users\/rojan\/workspace\/devadv\/zadvocacy\/cobol-scans\/cobol-code-scans\/reports\/others\/static cics-async-api-credit-card-application 20200506_23_25_49_20200505_23_50_03.html"
					},
					{
						"file": "\/Users\/rojan\/workspace\/devadv\/zadvocacy\/cobol-scans\/cobol-code-scans\/reports\/others\/static COBOL-sample2_2020-05-05_22-37-43.irx 20200506_23_30_37_20200505_23_48_39.html"
					},
					{
						"file": "\/Users\/rojan\/workspace\/devadv\/zadvocacy\/cobol-scans\/cobol-code-scans\/reports\/others\/static learn-cobol_2020-05-04_15-41-10.irx 20200504_15_42_26_20200504_17_12_56.html"
					},
					{
						"file": "\/Users\/rojan\/workspace\/devadv\/zadvocacy\/cobol-scans\/cobol-code-scans\/reports\/others\/static asdf_2020-05-05_22-54-09.irx 20200506_23_25_07_20200505_23_50_34.html"
					},
					{
						"file": "\/Users\/rojan\/workspace\/devadv\/zadvocacy\/cobol-scans\/cobol-code-scans\/reports\/others\/static HRMS_2020-05-05_23-12-10.irx 20200506_23_33_27_20200505_23_43_37.html"
					},
					{
						"file": "\/Users\/rojan\/workspace\/devadv\/zadvocacy\/cobol-scans\/cobol-code-scans\/reports\/others\/static zopeneditor-sample_2020-05-04_09-47-29 20200504_09_55_44_20200504_09_59_23.html"
					}
				],
				"name": "JavaScript"
			},
			{
				"files_to_analyze": [
					{
						"file": "\/Users\/rojan\/workspace\/devadv\/zadvocacy\/cobol-scans\/cobol-code-scans\/reports\/others\/static COBOL-Training_2020-05-05_22-22-55.irx 20200506_23_31_09_20200505_23_48_07.html"
					},
					{
						"file": "\/Users\/rojan\/workspace\/devadv\/zadvocacy\/cobol-scans\/cobol-code-scans\/reports\/others\/static asdf_2020-05-05_22-54-09.irx 20200506_23_25_07_20200505_23_50_34.html"
					},
					{
						"file": "\/Users\/rojan\/workspace\/devadv\/zadvocacy\/cobol-scans\/cobol-code-scans\/reports\/others\/static zopeneditor-sample_2020-05-04_09-47-29 20200504_09_55_44_20200504_09_59_23.html"
					},
					{
						"file": "\/Users\/rojan\/workspace\/devadv\/zadvocacy\/cobol-scans\/cobol-code-scans\/reports\/others\/static HRMS_2020-05-05_23-12-10.irx 20200506_23_33_27_20200505_23_43_37.html"
					},
					{
						"file": "\/Users\/rojan\/workspace\/devadv\/zadvocacy\/cobol-scans\/cobol-code-scans\/reports\/others\/static cics-async-api-credit-card-application 20200506_23_25_49_20200505_23_50_03.html"
					},
					{
						"file": "\/Users\/rojan\/workspace\/devadv\/zadvocacy\/cobol-scans\/cobol-code-scans\/reports\/others\/static Mainframe-programs_2020-05-05_23-19-19 20200506_23_34_03_20200505_23_41_16.html"
					},
					{
						"file": "\/Users\/rojan\/workspace\/devadv\/zadvocacy\/cobol-scans\/cobol-code-scans\/reports\/others\/static COBOL-sample2_2020-05-05_22-37-43.irx 20200506_23_30_37_20200505_23_48_39.html"
					},
					{
						"file": "\/Users\/rojan\/workspace\/devadv\/zadvocacy\/cobol-scans\/cobol-code-scans\/reports\/others\/static learn-cobol_2020-05-04_15-41-10.irx 20200504_15_42_26_20200504_17_12_56.html"
					},
					{
						"file": "\/Users\/rojan\/workspace\/devadv\/zadvocacy\/cobol-scans\/cobol-code-scans\/reports\/others\/static COB-FAKER_2020-05-05_23-21-06.irx 20200506_23_29_44_20200505_23_49_30.html"
					}
				],
				"name": "php"
			},
			{
				"files_to_analyze": [
					{
						"file": "\/Users\/rojan\/workspace\/devadv\/zadvocacy\/cobol-scans\/cobol-code-scans\/FAKPERS-Quality.lst"
					}
				],
				"name": "TSQL"
			},
			{
				"files_to_analyze": [
					{
						"file": "\/Users\/rojan\/workspace\/devadv\/zadvocacy\/cobol-scans\/cobol-code-scans\/FAKPERS-Quality.lst"
					}
				],
				"name": "plsql"
			}
		]
	}
}